State,Baseline_Value
[0],0.000000
[1],0.000000
[2],0.000000
[3],0.000000
[4],0.000000
[5],314.450000
[6],346.960000
[7],351.680000
[8],351.680000
