State,Baseline_Value
[0],0.000000
[1],314.490000
[2],341.110000
[3],341.240000
[4],341.240000
[5],341.240000
[6],347.000000
[7],351.690000
[8],351.690000
